"Scale","Observed_Score","P_Value","Null_Mean","N_Perms"
1,2.71756707438096,0.969,2.93772853461784,999
1.5,4.8598919185557,0.007,3.07574211760167,999
2,6.15793410731102,0.001,2.71560554293527,999
2.5,5.50784109029608,0.001,2.39073793608883,999
3,5.02791138550841,0.001,2.19528272388611,999
