"Scale","Observed_Score","P_Value"
1,2.71756707438096,0.96078431372549
1.5,4.8598919185557,0.0196078431372549
2,6.15793410731102,0.0196078431372549
2.5,5.50784109029608,0.0196078431372549
3,5.02791138550841,0.0196078431372549
